Locus	Avrankou.coluzzii	Baguida.gambiae	Korle-Bu.coluzzii	Madina.gambiae	Obuasi.gambiae
Vgsc.1527T_C	0.116666666666667	0	0.119402985074627	0	0
Vgsc.1570Y_T	0	0.273743016759777	0	0.085	0.0656565656565657
Vgsc.1597G_G	0	0	0	0	0.00505050505050505
Vgsc.1603T_C	0.0611111111111111	0	0.0466417910447761	0	0
Vgsc.1746S_T	0	0.337988826815642	0	0.355	0.53030303030303
Vgsc.1853I_A	0	0.273743016759777	0	0.4425	0.138888888888889
Vgsc.1868T_C	0	0.0865921787709497	0	0.03	0.0126262626262626
Vgsc.1874L_T	0	0.0167597765363129	0	0.06	0.171717171717172
Vgsc.1940T_C	0.0777777777777778	0	0.0149253731343284	0	0
Vgsc.402L_C	0	0	0.0876865671641791	0	0
Vgsc.402L_T	0.116666666666667	0	0.0298507462686567	0	0
Vgsc.791M_T	0	0.349162011173184	0.0130597014925373	0.3675	0.555555555555556
Vgsc.995F_T	0.883333333333333	1	0.882462686567164	1	1
Rdl.296G_G	0.533333333333333	0.581005586592179	0.962686567164179	0.9875	0.537878787878788
Rdl.296S_T	0.00555555555555556	0	0	0	0
Ace1.119S_A	0.0222222222222222	0.916201117318436	0.473880597014925	0.635	0.911616161616162
Gste2.114T_G	0.738888888888889	0.427374301675978	0.458955223880597	0.0425	0.0757575757575758
Gste2.119V_C	0.00555555555555556	0.145251396648045	0	0.5025	0.396464646464646
Gste2.119V_T	0	0	0	0.0025	0
